{
    "openapi": "3.1.0",
    "info": {
        "title": "FHTW Puzzle Game API",
        "description": "WebFrameworks Project 2024 - Puzzle Game API",
        "version": "1.0.0"
    },
    "webhooks": {
        "newUser": {
            "post": {
                "requestBody": {
                    "description": "Information about a new user in the system",
                    "content": {
                        "application/json": {
                            "schema": {
                                "$ref": "#/components/schemas/User"
                            }
                        }
                    }
                },
                "responses": {
                    "200": {
                        "description": "Data was received successfully"
                    }
                }
            }
        }
    },
    "paths": {
        "/users": {
            "get": {
                "summary": "Get all users",
                "responses": {
                    "200": {
                        "description": "Successful response",
                        "content": {
                            "application/json": {
                                "schema": {
                                    "type": "array",
                                    "items": {
                                        "$ref": "#/components/schemas/User"
                                    }
                                }
                            }
                        }
                    }
                }
            },
            "post": {
                "summary": "Create a new user",
                "requestBody": {
                    "description": "The user to create",
                    "required": true,
                    "content": {
                        "application/json": {
                            "schema": {
                                "$ref": "#/components/schemas/User"
                            }
                        }
                    }
                },
                "responses": {
                    "201": {
                        "description": "User created successfully",
                        "content": {
                            "application/json": {
                                "schema": {
                                    "$ref": "#/components/schemas/User"
                                }
                            }
                        }
                    }
                }
            }
        }
    },
    "components": {
        "schemas": {
            "User": {
                "required": [
                    "email"
                ],
                "properties": {
                    "email": {
                        "type": "string",
                        "format": "email",
                        "description": "The email of the user"
                    }
                }
            }
        }
    }
}